Row,Column,Name
1,62,R840 
1,65,R848 
2,61,R814 
2,67,R841 
3,63,R803
3,66,R813 
3,69,R825 
3,75,R843
4,53,R760 
4,59,R774
4,62,R790 
4,65,R802
4,68,R804 
4,71,R815 
4,74,R827 
4,77,R842 
4,80,R846 
5,43,R704 
5,46,R719 
5,49,R728 
5,55,R745 
5,58,R755 
5,61,R766
5,67,R784 
5,73,R808
5,76,R816 
5,79,R824 
5,82,R835 
5,85,R850 
6,39,R679
6,48,R705 
6,51,R721
6,54,R729 
6,60,R748 
6,66,R769 
6,69,R776 
6,72,R785 
6,75,R800
6,78,R807 
6,81,R823
6,84,R829 
6,87,R838 
6,90,R851 
7,35,R645 
7,38,R663 
7,41,R666 
7,47,R686
7,56,R715 
7,59,R726
7,62,R739 
7,74,R777 
7,77,R787 
7,80,R795 
7,86,R822 
7,89,R832 
7,95,R845
8,37,R643 
8,49,R683 
8,55,R699 
8,61,R718 
8,64,R727
8,67,R738 
8,73,R759 
8,79,R783 
8,85,R798 
8,88,R809 
8,94,R826 
8,97,R836 
9,24,R577 
9,33,R610 
9,42,R644 
9,51,R669 
9,54,R678 
9,66,R717 
9,72,R741
9,75,R746 
9,78,R756 
9,81,R770 
9,84,R779 
9,87,R786
9,90,R797 
9,93,R806 
9,96,R818 
9,99,R831 
9,102,R837 
9,105,R849 
10,20,R554 
10,26,R571 
10,38,R607 
10,47,R638
10,50,R647 
10,53,R661 
10,59,R682 
10,62,R690 
10,65,R702 
10,68,R710 
10,80,R750
10,83,R757 
10,92,R794 
10,95,R801 
10,101,R819 
10,110,R847 
11,22,R541 
11,25,R551 
11,34,R580 
11,37,R590 
11,52,R640 
11,61,R675 
11,67,R687 
11,70,R697
11,73,R707 
11,79,R733 
11,82,R743 
11,85,R749 
11,91,R771 
11,94,R782 
11,97,R791 
11,100,R799 
11,103,R810 
11,109,R834 
12,9,R482 
12,12,R490 
12,15,R500 
12,30,R548 
12,33,R565 
12,54,R629 
12,63,R659
12,66,R668 
12,81,R720
12,84,R736 
12,93,R758 
12,96,R768 
12,102,R789 
12,108,R812
12,111,R821 
12,114,R830
12,117,R839 
13,8,R460 
13,14,R480 
13,23,R512
13,26,R521 
13,41,R573 
13,50,R599 
13,59,R634 
13,62,R646 
13,65,R652 
13,71,R672 
13,77,R693
13,83,R709 
13,86,R725 
13,92,R744
13,98,R763 
13,104,R778 
13,107,R788 
13,119,R828 
14,1,R422
14,10,R449
14,25,R505
14,31,R524 
14,49,R581 
14,52,R593 
14,55,R600
14,61,R622 
14,64,R632 
14,70,R655 
14,73,R660 
14,76,R671 
14,82,R696
14,85,R706 
14,94,R732 
14,97,R740 
14,100,R753 
14,103,R767 
14,106,R775 
14,109,R780 
14,112,R796 
14,118,R811 
14,124,R833 
14,127,R844 
15,3,R412 
15,6,R426 
15,9,R431 
15,15,R451 
15,21,R472
15,24,R487 
15,27,R489 
15,30,R503
15,36,R519
15,39,R532 
15,42,R539 
15,45,R552 
15,48,R560 
15,51,R570 
15,57,R597
15,66,R621 
15,81,R676
15,87,R689 
15,99,R730 
15,102,R742 
15,105,R752 
15,108,R762 
15,114,R781 
15,117,R793 
15,123,R817 
15,126,R820
16,11,R420 
16,17,R445 
16,35,R508 
16,38,R516
16,47,R547
16,50,R556 
16,53,R562 
16,59,R582 
16,62,R598 
16,74,R635 
16,80,R653 
16,86,R670 
16,92,R694 
16,98,R714 
16,101,R724 
16,104,R737 
16,107,R747 
16,113,R761
16,116,R773 
16,122,R792
16,125,R805 
17,1,R374
17,13,R411 
17,19,R433 
17,22,R440
17,25,R458 
17,28,R467 
17,31,R470 
17,40,R506
17,49,R533 
17,58,R566 
17,64,R585 
17,73,R612 
17,79,R630 
17,82,R648 
17,85,R658 
17,94,R681 
17,97,R692 
17,103,R713
17,115,R751 
17,118,R765 
17,121,R772
18,9,R384 
18,12,R395 
18,24,R435
18,39,R481
18,48,R515 
18,51,R528
18,54,R537 
18,60,R555 
18,63,R561 
18,66,R576
18,69,R586 
18,72,R594 
18,75,R606 
18,84,R636 
18,93,R662 
18,96,R673
18,105,R701 
18,108,R711 
18,111,R723 
18,114,R731
18,120,R754 
18,123,R764 
19,8,R364 
19,20,R402 
19,32,R447
19,35,R457 
19,38,R469 
19,47,R494 
19,50,R501 
19,53,R511 
19,62,R543 
19,65,R553 
19,68,R564
19,71,R574 
19,80,R608
19,86,R624 
19,101,R677 
19,107,R691 
19,113,R716 
19,119,R735
20,1,R328
20,4,R332 
20,10,R360 
20,19,R389 
20,25,R405 
20,37,R444 
20,40,R454
20,46,R473 
20,49,R483 
20,67,R550 
20,79,R584 
20,85,R604 
20,88,R620 
20,91,R628
20,112,R695 
20,118,R712 
20,124,R734 
21,24,R387
21,33,R415 
21,36,R427
21,42,R443
21,51,R474 
21,57,R499 
21,60,R504 
21,66,R523 
21,78,R569 
21,87,R592 
21,93,R619 
21,96,R623 
21,99,R633 
21,105,R657 
21,108,R667
21,114,R684 
21,117,R700 
21,120,R703 
21,126,R722
22,8,R316 
22,17,R345 
22,29,R383
22,32,R398 
22,35,R408 
22,38,R419 
22,44,R437
22,47,R446 
22,56,R476 
22,74,R540 
22,89,R583 
22,95,R605 
22,98,R613
22,101,R627 
22,107,R651
22,110,R654 
22,113,R664 
22,116,R674 
22,119,R685 
22,122,R698
22,125,R708 
23,4,R284 
23,13,R314 
23,16,R324
23,25,R356 
23,31,R375 
23,43,R418
23,55,R453 
23,61,R477 
23,76,R530 
23,88,R563 
23,94,R587 
23,97,R601 
23,100,R609 
23,103,R618 
23,109,R639 
23,121,R680
23,124,R688 
24,3,R267 
24,6,R275
24,9,R288 
24,12,R294 
24,18,R319 
24,24,R338 
24,39,R392 
24,42,R399 
24,45,R409 
24,48,R416
24,54,R442 
24,63,R465
24,72,R496 
24,78,R520 
24,84,R536 
24,102,R602 
24,108,R617 
24,111,R626 
24,114,R642
24,117,R649 
24,123,R665
25,14,R289 
25,17,R296 
25,20,R308
25,23,R315 
25,32,R347
25,38,R368 
25,41,R378 
25,59,R438 
25,86,R529 
25,89,R534
25,92,R545 
25,98,R568 
25,104,R591 
25,107,R595
25,110,R611 
25,113,R614 
25,116,R625 
25,119,R641 
25,122,R650
25,125,R656 
26,7,R251 
26,19,R287 
26,34,R341
26,49,R390
26,61,R430
26,70,R461 
26,76,R479 
26,79,R493
26,82,R497 
26,97,R546 
26,106,R575 
26,118,R615 
26,121,R631 
26,124,R637 
27,3,R216
27,12,R252 
27,15,R262 
27,21,R278
27,39,R340 
27,45,R357 
27,51,R381 
27,54,R393 
27,57,R397 
27,60,R406 
27,96,R525 
27,105,R557 
27,108,R567 
27,111,R578 
27,117,R603
27,123,R616 
28,2,R204 
28,5,R212 
28,8,R224 
28,14,R242 
28,17,R250 
28,23,R268 
28,35,R311 
28,41,R327 
28,50,R361 
28,56,R380 
28,59,R386 
28,62,R401 
28,68,R424 
28,71,R428
28,80,R464
28,95,R507 
28,98,R518 
28,101,R526 
28,110,R559 
28,119,R589
29,4,R187 
29,19,R237 
29,37,R305
29,43,R322 
29,46,R335
29,49,R343 
29,70,R407 
29,85,R456 
29,88,R466 
29,94,R492 
29,109,R542 
29,118,R572 
29,124,R588 
29,127,R596 
30,6,R184
30,12,R197 
30,15,R215 
30,24,R238
30,30,R260 
30,33,R272 
30,36,R282
30,42,R300 
30,57,R354 
30,69,R394 
30,90,R463 
30,93,R475 
30,96,R485 
30,99,R488 
30,108,R517
30,111,R527 
30,114,R538 
30,117,R549
30,120,R558 
30,126,R579 
31,2,R152 
31,5,R161 
31,11,R179 
31,14,R189 
31,17,R198 
31,20,R207
31,23,R217 
31,35,R258 
31,41,R277 
31,44,R293
31,47,R303 
31,50,R310
31,65,R358 
31,68,R370 
31,71,R377 
31,74,R396 
31,83,R423 
31,104,R491 
31,107,R502 
31,110,R509 
31,116,R535 
32,4,R139 
32,7,R148 
32,10,R159 
32,13,R173 
32,16,R182
32,19,R192 
32,22,R203 
32,28,R225 
32,34,R241 
32,37,R253 
32,52,R306
32,67,R348 
32,70,R366 
32,73,R376 
32,79,R391 
32,100,R459
32,109,R495 
32,115,R513 
32,124,R544 
33,3,R125 
33,12,R156 
33,30,R209 
33,33,R218 
33,39,R239 
33,45,R263 
33,48,R274 
33,51,R285 
33,54,R295 
33,63,R326 
33,69,R344
33,72,R350 
33,81,R379 
33,87,R404 
33,90,R410
33,102,R455 
33,108,R471
33,111,R478 
33,117,R498 
33,120,R510 
33,123,R522 
33,126,R531 
34,2,R99 
34,17,R149 
34,23,R176
34,26,R180 
34,35,R213 
34,38,R222 
34,56,R280 
34,62,R302 
34,65,R309 
34,71,R330 
34,74,R339 
34,80,R359
34,83,R373 
34,86,R385 
34,95,R417 
34,101,R434 
34,107,R450 
34,125,R514 
35,7,R101
35,10,R110 
35,13,R123
35,25,R164 
35,34,R195
35,43,R220 
35,46,R229
35,49,R244 
35,52,R249 
35,58,R269 
35,64,R292 
35,70,R312 
35,73,R321 
35,76,R331
35,79,R346 
35,82,R355 
35,103,R425 
35,106,R429 
35,115,R462 
35,121,R486 
36,3,R72 
36,6,R80 
36,9,R91
36,18,R122 
36,21,R136 
36,24,R142 
36,27,R158 
36,30,R160 
36,33,R170 
36,39,R194 
36,42,R208 
36,60,R264 
36,66,R281 
36,81,R336
36,84,R342 
36,90,R362
36,111,R432 
36,126,R484 
37,5,R60 
37,8,R78 
37,11,R84 
37,14,R96 
37,20,R112
37,23,R126 
37,26,R130 
37,32,R150 
37,35,R163 
37,41,R181 
37,47,R200 
37,77,R301 
37,86,R337
37,101,R382 
37,110,R414
37,113,R421 
37,116,R436 
37,119,R441 
37,125,R468 
38,4,R46
38,7,R54 
38,25,R111 
38,31,R132
38,34,R143 
38,49,R196 
38,58,R221 
38,64,R248
38,67,R259 
38,79,R299 
38,85,R318 
38,97,R351 
38,100,R363 
38,103,R371 
38,115,R413
38,121,R439
38,124,R448 
38,127,R452 
39,3,R29 
39,6,R32 
39,12,R53 
39,15,R68 
39,18,R73 
39,24,R93 
39,30,R117 
39,39,R147 
39,45,R168 
39,48,R175 
39,51,R186
39,54,R191 
39,57,R206
39,60,R211 
39,66,R240 
39,84,R291 
39,90,R313 
39,102,R353
39,105,R369 
39,117,R403 
40,2,R5 
40,5,R17
40,8,R24 
40,11,R37
40,14,R44 
40,20,R70 
40,23,R77 
40,26,R86 
40,29,R97 
40,35,R113 
40,38,R128 
40,44,R146 
40,47,R153
40,50,R169 
40,53,R172 
40,56,R185 
40,59,R193 
40,62,R202
40,77,R256 
40,83,R279 
40,86,R286
40,101,R333
40,107,R352 
40,110,R367
41,7,R3 
41,10,R12 
41,13,R28 
41,22,R52 
41,28,R74 
41,31,R82 
41,37,R104
41,40,R120 
41,46,R135 
41,49,R145 
41,52,R155 
41,61,R183 
41,64,R201 
41,76,R232 
41,79,R243 
41,82,R255
41,85,R265 
41,88,R273 
41,91,R283 
41,97,R304
41,100,R317 
41,103,R325 
41,109,R349 
41,115,R365 
41,118,R372 
41,121,R388 
41,124,R400
42,12,R7 
42,15,R14 
42,18,R27
42,21,R39 
42,24,R43 
42,27,R61 
42,30,R63 
42,36,R83
42,42,R105 
42,51,R138
42,54,R144 
42,63,R174 
42,66,R190 
42,75,R214
42,78,R228 
42,81,R236 
42,84,R247 
42,87,R257 
42,99,R297 
42,105,R320 
42,108,R323
42,111,R334 
43,20,R15 
43,23,R30 
43,26,R33 
43,29,R47
43,32,R62 
43,35,R64
43,41,R92 
43,44,R94 
43,50,R121 
43,53,R124 
43,56,R134
43,71,R188 
43,77,R205 
43,83,R227 
43,86,R233 
43,89,R246 
43,92,R261 
43,95,R271 
43,98,R276 
43,104,R298
43,107,R307 
43,113,R329 
44,28,R25 
44,31,R40
44,34,R48 
44,52,R107 
44,61,R141 
44,73,R178 
44,88,R230 
44,91,R234
44,97,R254
44,100,R266 
44,106,R290 
45,24,R0 
45,30,R18 
45,33,R26
45,36,R42 
45,39,R50 
45,42,R57 
45,45,R66 
45,51,R88 
45,54,R103 
45,57,R108 
45,60,R115 
45,63,R131
45,72,R154 
45,75,R166
45,78,R177 
45,90,R223 
45,93,R231 
45,96,R235 
45,99,R245 
45,105,R270 
46,32,R9 
46,35,R16 
46,41,R35 
46,47,R56 
46,50,R65
46,53,R75 
46,56,R85 
46,59,R102 
46,68,R129 
46,71,R140 
46,74,R151 
46,77,R162 
46,80,R167
46,89,R199
46,92,R210 
46,95,R219 
46,98,R226 
47,34,R4 
47,37,R8 
47,43,R31 
47,52,R55
47,58,R79 
47,61,R90 
47,64,R95 
47,67,R106 
47,70,R116 
47,73,R133 
47,76,R137 
47,82,R157 
47,85,R165 
48,42,R10 
48,45,R21 
48,60,R69 
48,63,R76 
48,69,R100 
48,72,R114 
48,75,R118 
48,78,R127 
48,90,R171
49,47,R13 
49,50,R23
49,53,R34 
49,56,R41 
49,59,R49 
49,62,R59 
49,68,R81 
49,71,R87 
49,77,R109 
49,80,R119 
50,49,R1 
50,55,R19
50,61,R38 
50,64,R51
50,67,R58 
50,70,R67 
50,76,R89 
50,79,R98
51,60,R22 
51,75,R71 
52,59,R2 
52,62,R11 
52,65,R20
52,68,R36 
52,71,R45 
53,64,R6
